Title,Price,Rating,Image,Ad/Organic
"Lenovo ThinkBook 16, Intel Core Ultra 9 185H, 16GB RAM, 512GB SSD, WUXGA IPS 16” (40.64cm), Win 11 Home, Arctic Grey, 1.7Kg, 21SKA0J5IG, Fingerprint, Backlit, 300 Nits, 1Y Warranty, AI Powered Laptop","94,990",5.0 out of 5 stars,https://m.media-amazon.com/images/I/511EukRBJzL._AC_UY218_.jpg,Ad
"Dell 15, R5-7520U Processor, 8GB LPDDR5 RAM, 512GB SSD, FHD 15.6""/39.62 cm Display, Windows 11 Home, Carbon Black, 1.63kg, Standard Keyboard, 15 Month McAfee, Thin & Light Laptop","53,990",N/A,https://m.media-amazon.com/images/I/71TyZ4JfBrL._AC_UY218_.jpg,Ad
"Acer Aspire One, Intel Core Celeron N4500, Office 2024 + M365 Basic, 12GB LPDDR4X RAM/ 256GB SSD, 14.0""/35.56cm TN HD Display, Win 11 Home, Pure Silver, 1.3KG, A114-45, Thin and Light Laptop","35,990",3.5 out of 5 stars,https://m.media-amazon.com/images/I/71I0Oo7W2-L._AC_UY218_.jpg,Organic
"EBook 11.6"" HD Laptop | Best Student & Office Work Laptop | Celeron N4020 | 4GB DDR4 | 128GB eMMC + M.2 SSD Expandable Slot | Win 11 Home |31Wh Battery | UHD Graphics 600 | Black","11,990",3.1 out of 5 stars,https://m.media-amazon.com/images/I/71F8TUSryhL._AC_UY218_.jpg,Organic
"HP Victus, Intel Core 5 210H, 4GB RTX 3050 A (24GB DDR5, 512GB SSD) FHD, 144Hz, 300 nits, IPS, 15.6''/39.6 cm, Win11, M365* Office24, Mica Silver, 2.29kg, fa2500TX, Backlit, Gaming Laptop","95,990",N/A,https://m.media-amazon.com/images/I/71M4eBe4l4L._AC_UY218_.jpg,Organic
"ASUS Vivobook 15, Intel Core i3 13th Gen 1315U, 12GB RAM, 512GB SSD, FHD 15.6"", Windows 11, Office Home 2024, Cool Silver, 1.7Kg, X1504VA-BQ331WS, Intel UHD iGPU, Thin & Light, 42Whrs Laptop","50,990",4.2 out of 5 stars,https://m.media-amazon.com/images/I/61tfPAwlPqL._AC_UY218_.jpg,Organic
"HP 15, 13th Gen Intel Core i3-1315U Laptop (8GB DDR4,512GB SSD) Anti-Glare, Micro-Edge,15.6''/39.6cm, FHD, Win11,M365 Basic(1yr),Office Home24, Silver,1.59kg, FHD Camera w/Privacy Shutter, fd0569TU","48,900",4.1 out of 5 stars,https://m.media-amazon.com/images/I/61R5Ecv7i-L._AC_UY218_.jpg,Organic
"acer SmartChoice Aspire Lite, AMD Ryzen 5-5625U Processor, 16 GB/512 GB, Full HD, 15.6""/39.62 cm, Windows 11 Home, Steel Gray, 1.59 kg, AL15-41, Metal Body, Thin and Light Laptop","45,990",4.0 out of 5 stars,https://m.media-amazon.com/images/I/718UBZxpxrL._AC_UY218_.jpg,Organic
"Acer Aspire Lite Intel Core 3-100U Processor, Office 2024 + M365 Basic, 8GB RAM/256GB SSD, 15.6""/39.62 cm, FHD IPS Display,Win 11 Home, Steel Grey, 1.59Kg, AL15-53, Thin and Light Laptop","63,999",N/A,https://m.media-amazon.com/images/I/517m2WrmJxL._AC_UY218_.jpg,Organic
"ASUS Vivobook 15, Smartchoice, AMD Ryzen 7 5825U, 16GB RAM, 512GB SSD, FHD 15.6"", Windows 11, Office Home 2024, Quiet Blue, 1.7Kg, M1502YA-BQ703WS, AMD Radeon iGPU, M365 Basic (1Year)*, 42Whr Laptop","54,990",4.0 out of 5 stars,https://m.media-amazon.com/images/I/71zMooVIVAL._AC_UY218_.jpg,Organic
"Primebook 2 Max (2026) | 8GB RAM, 256GB UFS Storage | 15.6-Inch Full HD IPS Display | 12hrs Battery | MediaTek Helio G99 | Android 15 (PrimeOS 3.0) | Backlit Keyboard | in-Built AI (Gray)","28,990",4.3 out of 5 stars,https://m.media-amazon.com/images/I/51JTBldTCXL._AC_UY218_.jpg,Ad
"Lenovo ThinkBook 16, AMD Ryzen 5 7535HS, 16GB RAM, 512GB SSD, WUXGA IPS 16"", Windows 11 Home, Office 2024, 1.7kg, 21MWA0BSIN, Backlit Keyboard, Fingerprint, 300 Nits, 1Y Warranty, Aluminium Top Laptop","61,377",4.1 out of 5 stars,https://m.media-amazon.com/images/I/51+50luRJkL._AC_UY218_.jpg,Ad
"ASUS Vivobook 15, 13th Gen, Intel Core i3-1315U, 16GB RAM, 512GB SSD, FHD, Anti-Glare, 15.6"", 39.6 cm, Windows 11 Home, M365 Basic(1yr)* Office24, Quiet Blue, 1.70 kg, X1504VA-BQ342WS, Laptop","51,490",4.2 out of 5 stars,https://m.media-amazon.com/images/I/71OUu3JeNIL._AC_UY218_.jpg,Organic
"HP 15, AMD Ryzen 5 7520U,(16GB LPDDR5, 512GB SSD), Anti-Glare, Micro-Edge, FHD, 15.6''/39.6cm, Win 11, Office 24,M365 Basic(1yr)*,Silver, 1.59kg, fc0690au, FHD Camera, Backlit KB Laptop","55,050",4.1 out of 5 stars,https://m.media-amazon.com/images/I/71qeL9SvpeL._AC_UY218_.jpg,Organic
"HP Omen, Intel Core Ultra 7 255H, 8GB RTX 5050, 24GB DDR5(Upgradeable) 1TB SSD, 2K, 165Hz, 3ms Response time, IPS, 16''/40.6cm, Win11, M365*Office24, Shadow Black, 2.43kg, am0240tx, RGB Gaming Laptop","1,46,990",3.4 out of 5 stars,https://m.media-amazon.com/images/I/71hYhVo8BgL._AC_UY218_.jpg,Organic
"Dell 15 (Previously Inspiron) Laptop, 14th Gen Intel Core i3/Core 3 100U Processor, 8GB DDR4, 512 SSD, 15.6"" FHD 120Hz IPS 250 nit Display, Win 11 + Office H&S 2024, Carbon Black, Thin & Light 1.63Kg","46,490",4.1 out of 5 stars,https://m.media-amazon.com/images/I/717WZ7WriwL._AC_UY218_.jpg,Organic
"Lenovo IdeaPad Slim 5 AMD Ryzen AI 7 350 (24GB RAM/1TB SSD/14 (35.5cm)/WUXGA OLED/Lenovo AI Now/Copilot+ PC/Windows 11/MSO 365 Basic+Office 2024/1Yr ADP Free/Grey/1.4Kg), 83HX009DIN AI Laptop","87,990",5.0 out of 5 stars,https://m.media-amazon.com/images/I/7171vpsyluL._AC_UY218_.jpg,Organic
"Dell 15, Intel Core i3/Core 3 14th Gen-100U, 16GB DDR4, 512GB SSD, FHD IPS, 15.6""/39.62cm, Windows 11, Microsoft Office Home 2024, Carbon Black, 1.63Kg, Thin & Light, Laptop Model NO - Dell 15 DCU5250","49,990",3.8 out of 5 stars,https://m.media-amazon.com/images/I/71I4NoKj-oL._AC_UY218_.jpg,Organic
"HP 15 (2026), AMD Athlon Dual Core 7120U - (8 GB DDR5/512 GB SSD/AMD Radeon 610M Graphics/DOS) Thin and Light Business Laptop/15.6"" HD Display/Turbo Silver/Copilot Key/1.5kg","40,200",1.5 out of 5 stars,https://m.media-amazon.com/images/I/718-7YE0WQL._AC_UY218_.jpg,Organic
"Dell G15, 13th Gen Intel Core i5-13450HX Processor, NVIDIA RTX 3050-6GB, (16GB RAM 1TB SSD) FHD 15.6""/39.62 cm, Orange Backlit Keyboard, Win 11, MS Office'24, Dark Shadow Grey, 2.65Kg Gaming Laptop","80,490",4.0 out of 5 stars,https://m.media-amazon.com/images/I/61ko2a0owDL._AC_UY218_.jpg,Organic
"Lenovo IdeaPad Slim 5, AMD Ryzen 5 7535HS, 16GB RAM, 512GB SSD, WUXGA IPS, 13.3""/33.7cm, Windows 11, Microsoft 365 Basic + Office 2024, Grey, 1.6Kg, Backlit KB, 1Yr ADP Free, 83J2004HIN, Laptop","72,990",4.0 out of 5 stars,https://m.media-amazon.com/images/I/61g+cXN-sVL._AC_UY218_.jpg,Ad
"Lenovo Ideapad Slim 3 AMD Ryzen 5 7520U 15.6"" (39.6cm) FHD Thin and Light Laptop (16GB/512GB SSD/Windows 11/Microsoft 365 Basic + Office Home 2024/Backlit Keyboard/Grey/1.6Kg), 82XQ00XDIN","52,711",4.1 out of 5 stars,https://m.media-amazon.com/images/I/71TpJsdzvCL._AC_UY218_.jpg,Ad
